Workbook

Sheet Cover
B2: Excel Practical Assignment — Section 11: Report Consolidation
B4: Dataset used: Superstore Sales (Orders sheet), split across several monthly/regional sheets
B6: Sheets in this workbook:
B7: JanSales/FebSales/MarSales -> Three identically-laid-out monthly sheets, source data for Part 1
B8: 1. Multi-Sheet SUM Trick -> 3D-reference SUM/AVERAGE/COUNT across the 3 monthly sheets, plus a
B9: manual verification check and an explanation of the technique
B10: East/West/South/Central Region -> Four regional sheets (Sales & Profit by Category, each in a
B11: different row order), source data for Part 2
B12: 2. Consolidate Feature -> A label-based consolidated summary (via SUMIF, mirroring Data > Consolidate)
B13: combining all 4 regions for both Sales and Profit, with a Grand Total
B14: 3. SUBTOTAL Feature -> A dataset grouped by Category with SUBTOTAL(9,...) subtotal rows and a Grand
B15: Total, plus a comparison of SUM/AVERAGE/COUNT/MAX/MIN via different SUBTOTAL function codes

Sheet JanSales
A1: JanSales — monthly sales by product (same layout as the other two month sheets)
A4: Product Name | B4: Sales
A5: Bush Somerset Collection Boo | B5: 785.34
A6: Hon Deluxe Fabric Upholstere | B6: 78.76
A7: Self-Adhesive Address Labels | B7: 366.28
A8: Bretford CR4500 Series Slim | B8: 306.69
A9: Eldon Fold 'N Roll Cart Syst | B9: 896.94
A10: Eldon Expressions Wood and P | B10: 828.2
A11: Newell 322 | B11: 1076.01
A12: Mitel 5320 IP Phone VoIP pho | B12: 149.98
A13: DXL Angle-View Binders with | B13: 535.21
A14: Belkin F5C206VTEL 6 Outlet S | B14: 84.27

Sheet FebSales
A1: FebSales — monthly sales by product (same layout as the other two month sheets)
A4: Product Name | B4: Sales
A5: Bush Somerset Collection Boo | B5: 301.43
A6: Hon Deluxe Fabric Upholstere | B6: 631.16
A7: Self-Adhesive Address Labels | B7: 80.52
A8: Bretford CR4500 Series Slim | B8: 278.66
A9: Eldon Fold 'N Roll Cart Syst | B9: 797.37
A10: Eldon Expressions Wood and P | B10: 676.68
A11: Newell 322 | B11: 303.51
A12: Mitel 5320 IP Phone VoIP pho | B12: 727.66
A13: DXL Angle-View Binders with | B13: 980.85
A14: Belkin F5C206VTEL 6 Outlet S | B14: 57.47

Sheet MarSales
A1: MarSales — monthly sales by product (same layout as the other two month sheets)
A4: Product Name | B4: Sales
A5: Bush Somerset Collection Boo | B5: 976.69
A6: Hon Deluxe Fabric Upholstere | B6: 852.86
A7: Self-Adhesive Address Labels | B7: 441.29
A8: Bretford CR4500 Series Slim | B8: 228.8
A9: Eldon Fold 'N Roll Cart Syst | B9: 1150.8
A10: Eldon Expressions Wood and P | B10: 437.08
A11: Newell 322 | B11: 156.66
A12: Mitel 5320 IP Phone VoIP pho | B12: 161.22
A13: DXL Angle-View Binders with | B13: 1024.62
A14: Belkin F5C206VTEL 6 Outlet S | B14: 744.28

Sheet 1. Multi-Sheet SUM Trick
A1: Section 11.1 — Hidden Trick of Consolidation: Using SUM Across Multiple Sheets
A2: Tasks 1-5: 3 monthly sheets, 3D-reference SUM, Different summary functions, Verify accuracy, Benefits
A4: Task 2-3: Consolidated totals using a 3D reference — SUM/AVERAGE/COUNT across JanSales:MarSales
A5: Product Name | B5: Q1 Total (SUM) | C5: Q1 Average (AVERAGE) | D5: Months Counted (COUNT)
A6: Bush Somerset Collection Boo | B6: =SUM(JanSales:MarSales!B5:B5) -> 2063.46 | C6: =AVERAGE(JanSales:MarSales!B5:B5) -> 687.82 | D6: =COUNT(JanSales:MarSales!B5:B5) -> 3
A7: Hon Deluxe Fabric Upholstere | B7: =SUM(JanSales:MarSales!B6:B6) -> 1562.78 | C7: =AVERAGE(JanSales:MarSales!B6:B6) -> 520.92667 | D7: =COUNT(JanSales:MarSales!B6:B6) -> 3
A8: Self-Adhesive Address Labels | B8: =SUM(JanSales:MarSales!B7:B7) -> 888.09 | C8: =AVERAGE(JanSales:MarSales!B7:B7) -> 296.03 | D8: =COUNT(JanSales:MarSales!B7:B7) -> 3
A9: Bretford CR4500 Series Slim | B9: =SUM(JanSales:MarSales!B8:B8) -> 814.15 | C9: =AVERAGE(JanSales:MarSales!B8:B8) -> 271.38333 | D9: =COUNT(JanSales:MarSales!B8:B8) -> 3
A10: Eldon Fold 'N Roll Cart Syst | B10: =SUM(JanSales:MarSales!B9:B9) -> 2845.11 | C10: =AVERAGE(JanSales:MarSales!B9:B9) -> 948.37 | D10: =COUNT(JanSales:MarSales!B9:B9) -> 3
A11: Eldon Expressions Wood and P | B11: =SUM(JanSales:MarSales!B10:B10) -> 1941.96 | C11: =AVERAGE(JanSales:MarSales!B10:B10) -> 647.32 | D11: =COUNT(JanSales:MarSales!B10:B10) -> 3
A12: Newell 322 | B12: =SUM(JanSales:MarSales!B11:B11) -> 1536.18 | C12: =AVERAGE(JanSales:MarSales!B11:B11) -> 512.06 | D12: =COUNT(JanSales:MarSales!B11:B11) -> 3
A13: Mitel 5320 IP Phone VoIP pho | B13: =SUM(JanSales:MarSales!B12:B12) -> 1038.86 | C13: =AVERAGE(JanSales:MarSales!B12:B12) -> 346.28667 | D13: =COUNT(JanSales:MarSales!B12:B12) -> 3
A14: DXL Angle-View Binders with | B14: =SUM(JanSales:MarSales!B13:B13) -> 2540.68 | C14: =AVERAGE(JanSales:MarSales!B13:B13) -> 846.89333 | D14: =COUNT(JanSales:MarSales!B13:B13) -> 3
A15: Belkin F5C206VTEL 6 Outlet S | B15: =SUM(JanSales:MarSales!B14:B14) -> 886.02 | C15: =AVERAGE(JanSales:MarSales!B14:B14) -> 295.34 | D15: =COUNT(JanSales:MarSales!B14:B14) -> 3
A17: Task 4: Verify accuracy — manually re-add the three monthly values for one product and compare
A18: Product | B18: Jan | C18: Feb | D18: Mar | E18: Manual Sum (Jan+Feb+Mar) | F18: 3D-Reference SUM (Task 2) | G18: Match?
A19: Self-Adhesive Address Labels | B19: =JanSales!B7 -> 366.28 | C19: =FebSales!B7 -> 80.52 | D19: =MarSales!B7 -> 441.29 | E19: =B19+C19+D19 -> 888.09 | F19: =B8 -> 888.09 | G19: =IF(ROUND(E19,2)=ROUND(F19,2),"Match","Check") -> Match

Sheet East Region
A1: East Region — sales & profit by category (categories may be listed in a different order per sheet)
A4: Category | B4: Sales | C4: Profit
A5: Technology | B5: 5753.6 | C5: 1407.46
A6: Office Supplies | B6: 4649.74 | C6: 745.86
A7: Furniture | B7: 7805.83 | C7: 1355.9

Sheet West Region
A1: West Region — sales & profit by category (categories may be listed in a different order per sheet)
A4: Category | B4: Sales | C4: Profit
A5: Technology | B5: 6932 | C5: 410.13
A6: Furniture | B6: 3595.29 | C6: 387.85
A7: Office Supplies | B7: 2558.54 | C7: 247.05

Sheet South Region
A1: South Region — sales & profit by category (categories may be listed in a different order per sheet)
A4: Category | B4: Sales | C4: Profit
A5: Technology | B5: 3945.82 | C5: 698.95
A6: Office Supplies | B6: 4553.83 | C6: 564.84
A7: Furniture | B7: 3466.55 | C7: 358.43

Sheet Central Region
A1: Central Region — sales & profit by category (categories may be listed in a different order per sheet)
A4: Category | B4: Sales | C4: Profit
A5: Office Supplies | B5: 6263.92 | C5: 527.6
A6: Furniture | B6: 7103.89 | C6: 587.35
A7: Technology | B7: 4656.19 | C7: 1154.29

Sheet 2. Consolidate Feature
A1: Section 11.2 — Using the CONSOLIDATE Feature of Excel
A2: Tasks 1-5: Regional data across sheets, Consolidate to a summary, By category, Apply to Profit too, Benefits
A4: Task 2-3: Consolidated Summary — combines East/West/South/Central Region sheets BY CATEGORY LABEL, not by row position
A5: Category | B5: Consolidated Sales (Sum) | C5: Consolidated Profit (Sum)
A6: Furniture | B6: =SUMIF('East Region'!$A:$A,A6,'East Region'!$B:$B)+SUMIF('West Region'!$A:$A,A6,'West Region'!$B:$B)+SUMIF('South Region'!$A:$A,A6,'South Region'!$B:$B)+SUMIF('Central Region'!$A:$A,A6,'Central Region'!$B:$B) -> 21971.56 | C6: =SUMIF('East Region'!$A:$A,A6,'East Region'!$C:$C)+SUMIF('West Region'!$A:$A,A6,'West Region'!$C:$C)+SUMIF('South Region'!$A:$A,A6,'South Region'!$C:$C)+SUMIF('Central Region'!$A:$A,A6,'Central Region'!$C:$C) -> 2689.53
A7: Office Supplies | B7: =SUMIF('East Region'!$A:$A,A7,'East Region'!$B:$B)+SUMIF('West Region'!$A:$A,A7,'West Region'!$B:$B)+SUMIF('South Region'!$A:$A,A7,'South Region'!$B:$B)+SUMIF('Central Region'!$A:$A,A7,'Central Region'!$B:$B) -> 18026.03 | C7: =SUMIF('East Region'!$A:$A,A7,'East Region'!$C:$C)+SUMIF('West Region'!$A:$A,A7,'West Region'!$C:$C)+SUMIF('South Region'!$A:$A,A7,'South Region'!$C:$C)+SUMIF('Central Region'!$A:$A,A7,'Central Region'!$C:$C) -> 2085.35
A8: Technology | B8: =SUMIF('East Region'!$A:$A,A8,'East Region'!$B:$B)+SUMIF('West Region'!$A:$A,A8,'West Region'!$B:$B)+SUMIF('South Region'!$A:$A,A8,'South Region'!$B:$B)+SUMIF('Central Region'!$A:$A,A8,'Central Region'!$B:$B) -> 21287.61 | C8: =SUMIF('East Region'!$A:$A,A8,'East Region'!$C:$C)+SUMIF('West Region'!$A:$A,A8,'West Region'!$C:$C)+SUMIF('South Region'!$A:$A,A8,'South Region'!$C:$C)+SUMIF('Central Region'!$A:$A,A8,'Central Region'!$C:$C) -> 3670.83
A9: Grand Total | B9: =SUM(B6:B8) -> 61285.2 | C9: =SUM(C6:C8) -> 8445.71

Sheet 3. SUBTOTAL Feature
A1: Section 11.3 — Using the SUBTOTAL Feature of Excel (One Criterion: Category)
A2: Tasks 1-5: Dataset grouped by category, SUBTOTAL for Sum, Other SUBTOTAL functions, Filters + SUBTOTAL, Importance
A4: Product Name | B4: Category | C4: Sales
A5: Bush Somerset Collection Boo | B5: Furniture | C5: 261.96
A6: Hon Deluxe Fabric Upholstere | B6: Furniture | C6: 731.94
A7: Bretford CR4500 Series Slim | B7: Furniture | C7: 957.5775
A8: Eldon Expressions Wood and P | B8: Furniture | C8: 48.86
A9: Chromcraft Rectangular Confe | B9: Furniture | C9: 1706.184
A10: Furniture Subtotal | C10: =SUBTOTAL(9,C5:C9) -> 3706.5215
A11: Self-Adhesive Address Labels | B11: Office Supplies | C11: 14.62
A12: Eldon Fold 'N Roll Cart Syst | B12: Office Supplies | C12: 22.368
A13: Newell 322 | B13: Office Supplies | C13: 7.28
A14: DXL Angle-View Binders with | B14: Office Supplies | C14: 18.504
A15: Belkin F5C206VTEL 6 Outlet S | B15: Office Supplies | C15: 114.9
A16: Office Supplies Subtotal | C16: =SUBTOTAL(9,C11:C15) -> 177.672
A17: Mitel 5320 IP Phone VoIP pho | B17: Technology | C17: 907.152
A18: Konftel 250 Conference phone | B18: Technology | C18: 911.424
A19: Cisco SPA 501G IP Phone | B19: Technology | C19: 213.48
A20: Imation 8GB Mini TravelDrive | B20: Technology | C20: 90.57
A21: GE 30524EE4 | B21: Technology | C21: 1097.544
A22: Technology Subtotal | C22: =SUBTOTAL(9,C17:C21) -> 3220.17
A23: Grand Total | C23: =SUBTOTAL(9,C5:C22) -> 7104.3635
A25: Task 3: Different SUBTOTAL functions applied to the whole Sales column (Furniture group)
A26: SUBTOTAL Function Code | B26: Function | C26: Result (on Furniture Sales range)
A27: 9 | B27: SUM | C27: =SUBTOTAL(9,C5:C9) -> 3706.5215
A28: 1 | B28: AVERAGE | C28: =SUBTOTAL(1,C5:C9) -> 741.3043
A29: 2 | B29: COUNT | C29: =SUBTOTAL(2,C5:C9) -> 5
A30: 4 | B30: MAX | C30: =SUBTOTAL(4,C5:C9) -> 1706.184
A31: 5 | B31: MIN | C31: =SUBTOTAL(5,C5:C9) -> 48.86
